,0
0,MG Road Branch
1,Station Road Branch
2,Civil Lines Branch
3,Nehru Nagar Branch
4,Vijay Nagar Branch
5,Shastri Nagar Branch
6,Gandhi Nagar Branch
7,Laxmi Nagar Branch
8,Rajendra Nagar Branch
9,Jawahar Nagar Branch
10,Ashok Nagar Branch
11,Indira Nagar Branch
12,Malviya Nagar Branch
13,Shivaji Nagar Branch
14,Adarsh Nagar Branch
15,Model Town Branch
16,Sadar Bazar Branch
17,Cantt Branch
18,Airport Road Branch
19,Ring Road Branch
20,University Road Branch
21,Collectorate Branch
22,High Court Branch
23,Bus Stand Branch
24,Railway Station Branch
25,Market Yard Branch
26,IT Park Branch
27,MIDC Branch
28,Sector 15 Branch
29,Sector 22 Branch
30,Sector 62 Branch
31,Boring Road Branch
32,Salt Lake Branch
33,Park Street Branch
34,Banjara Hills Branch
35,Jubilee Hills Branch
36,Anna Nagar Branch
37,T. Nagar Branch
38,Koramangala Branch
39,Whitefield Branch
40,Electronic City Branch
41,Connaught Place Branch
42,Karol Bagh Branch
43,Dwarka Branch
44,Noida Sector 18 Branch
45,Gomti Nagar Branch
46,Hazratganj Branch
47,Alkapuri Branch
48,Navrangpura Branch
49,Satellite Branch
